"State","Facility Name","Facility ID","Unit ID","Associated Stacks","Year","Operating Time Count","Sum of the Operating Time","Gross Load (MWh)","Steam Load (1000 lb)","SO2 Mass (short tons)","SO2 Rate (lbs/mmBtu)","CO2 Mass (short tons)","CO2 Rate (short tons/mmBtu)","NOx Mass (short tons)","NOx Rate (lbs/mmBtu)","Heat Input (mmBtu)","Primary Fuel Type","Secondary Fuel Type","Unit Type","SO2 Controls","NOx Controls","PM Controls","Hg Controls","Program Code"
"KY","E W Brown",1355,"1","CS123",2014,7480,7469.14,437305.83,,170.754,0.0697,478948.26,0.103,513.276,0.218,4668115.753,"Coal",,"Dry bottom wall-fired boiler","Wet Limestone","Low NOx Burner Technology (Dry Bottom only)","Electrostatic Precipitator|Wet Scrubber","Additives to Enhance PAC and Existing Equipment Performance (Retired Feb 28, 2019)","ARP, CSNOX, CSNOXOS, CSSO2G1, MATS"
"KY","E W Brown",1355,"2","CS123, MS002",2014,7600,7586.88,847997.87,,1039.867,0.2335,917990.117,0.103,1073.985,0.2397,8947282.792,"Coal",,"Tangentially-fired","Wet Limestone","Low NOx Burner Technology w/ Closed-coupled/Separated OFA","Electrostatic Precipitator|Wet Scrubber","Additives to Enhance PAC and Existing Equipment Performance (Retired Feb 28, 2019)","ARP, CSNOX, CSNOXOS, CSSO2G1, MATS"
"KY","E W Brown",1355,"3","CS123",2014,6982,6954.73,1706078.05,,692.49,0.0722,1850139.949,0.1025,1561.487,0.1828,18032609.125,"Coal",,"Tangentially-fired","Wet Limestone","Low NOx Burner Technology w/ Closed-coupled/Separated OFA|Selective Catalytic Reduction","Wet Scrubber|Baghouse","Additives to Enhance PAC and Existing Equipment Performance|Untreated PAC Sorbent Injection","ARP, CSNOX, CSOSG2E, CSSO2G1, MATS"
"KY","Ghent",1356,"1",,2014,8108,8100.48,3512596.54,,1734.665,0.0976,3515635.716,0.103,1263.843,0.0789,34265461.032,"Coal",,"Tangentially-fired","Wet Limestone","Low NOx Burner Technology w/ Separated OFA|Selective Catalytic Reduction","Baghouse","Additives to Enhance PAC and Existing Equipment Performance|Untreated PAC Sorbent Injection","ARP, CSNOX, CSOSG2E, CSSO2G1, MATS"
"KY","Ghent",1356,"2","CS023",2014,8320,8313.1,3724710.99,,6957.61,0.3844,3621863.858,0.103,3728.431,0.2062,35300822.087,"Coal",,"Tangentially-fired","Wet Limestone","Low NOx Burner Technology w/ Closed-coupled/Separated OFA","Baghouse","Untreated PAC Sorbent Injection|Additives to Enhance PAC and Existing Equipment Performance","ARP, CSNOX, CSOSG2E, CSSO2G1, MATS"
"KY","Ghent",1356,"3","CS023",2014,7250,7239.9,3409191.52,,5120.353,0.3122,3348953.851,0.103,2953.074,0.185,32640878.144,"Coal",,"Dry bottom wall-fired boiler","Wet Limestone","Low NOx Burner Technology w/ Overfire Air|Selective Catalytic Reduction","Baghouse|Electrostatic Precipitator","Untreated PAC Sorbent Injection|Additives to Enhance PAC and Existing Equipment Performance","ARP, CSNOX, CSOSG2E, CSSO2G1, MATS"
"KY","Ghent",1356,"4",,2014,7076,7045.02,3202794.49,,1038.654,0.0719,2932896.739,0.1029,2775.937,0.1916,28585705.912,"Coal",,"Dry bottom wall-fired boiler","Wet Limestone","Low NOx Burner Technology w/ Overfire Air|Selective Catalytic Reduction","Baghouse|Electrostatic Precipitator","Additives to Enhance PAC and Existing Equipment Performance|Untreated PAC Sorbent Injection","ARP, CSNOX, CSOSG2E, CSSO2G1, MATS"
"KY","Mill Creek",1364,"1",,2014,8270,8249.08,2219302.33,,5331.82,0.5065,1982957.464,0.103,2838.11,0.2865,19327084.606,"Coal",,"Tangentially-fired","Wet Limestone","Low NOx Burner Technology w/ Separated OFA","Baghouse (Began May 15, 2015)|Electrostatic Precipitator","Additives to Enhance PAC and Existing Equipment Performance|Untreated PAC Sorbent Injection","ARP, CSNOX, CSNOXOS, CSSO2G1, MATS"
"KY","Mill Creek",1364,"2",,2014,7470,7441.26,2008220.46,,5831.851,0.5802,1908708.951,0.103,2755.775,0.2903,18603364.53,"Coal",,"Tangentially-fired","Wet Limestone","Low NOx Burner Technology w/ Separated OFA","Baghouse|Electrostatic Precipitator","Additives to Enhance PAC and Existing Equipment Performance|Untreated PAC Sorbent Injection","ARP, CSNOX, CSOSG2E, CSSO2G1, MATS"
"KY","Mill Creek",1364,"3",,2014,8257,8243.15,2929792.23,,9481.901,0.6761,2776327.234,0.103,3083.559,0.2216,27059739.1,"Coal",,"Dry bottom wall-fired boiler","Wet Limestone","Low NOx Burner Technology (Dry Bottom only)|Selective Catalytic Reduction","Baghouse|Electrostatic Precipitator|Wet Scrubber","Additives to Enhance PAC and Existing Equipment Performance|Untreated PAC Sorbent Injection","ARP, CSNOX, CSOSG2E, CSSO2G1, MATS"
"KY","Mill Creek",1364,"4",,2014,6269,6237.22,2553344,,7503.897,0.5746,2533733.834,0.103,2535.631,0.1972,24695317.517,"Coal",,"Dry bottom wall-fired boiler","Wet Limestone","Low NOx Burner Technology (Dry Bottom only)|Selective Catalytic Reduction","Baghouse|Electrostatic Precipitator|Wet Scrubber","Additives to Enhance PAC and Existing Equipment Performance|Untreated PAC Sorbent Injection","ARP, CSNOX, CSOSG2E, CSSO2G1, MATS"
"KY","Elmer Smith",1374,,"CS001, CS002",2014,7936,7918.97,1144367.97,,2455.164,0.4661,1109837.455,0.1051,5314.265,0.9794,10695718.97,"Coal",,"Cyclone boiler","Wet Limestone","Selective Catalytic Reduction","Electrostatic Precipitator",,"ARP, CSNOX, CSNOXOS, CSSO2G1, MATS"
"KY","Paradise",1378,"1",,2014,7463,7455.69,4592339.44,,6572.464,0.2767,4782034.042,0.103,2691.606,0.1253,46608570.25,"Coal",,"Cyclone boiler","Wet Limestone","Overfire Air|Selective Catalytic Reduction","Wet Scrubber",,"ARP, CSNOX, CSNOXOS, CSSO2G1, MATS"
"KY","Paradise",1378,"2",,2014,7128,7116.01,3964802.29,,8084.083,0.3972,4167639.052,0.1029,2055.483,0.1084,40620294.925,"Coal",,"Cyclone boiler","Wet Limestone","Overfire Air|Selective Catalytic Reduction","Wet Scrubber",,"ARP, CSNOX, CSNOXOS, CSSO2G1, MATS"
"KY","Paradise",1378,"3","MS3BY, MS3MN",2014,6743,6709.81,6071276.18,,5000.708,0.1676,5995596.19,0.1028,4718.357,0.1773,58436645.838,"Coal",,"Cyclone boiler","Wet Lime FGD","Overfire Air|Selective Catalytic Reduction","Electrostatic Precipitator",,"ARP, CSNOX, CSNOXOS, CSSO2G1, MATS"
"KY","Robert Reid",1383,"RT",,2014,111,111,2012,,1.164,0.06,,,13.581,0.7,38801.9,"Other Gas","Diesel Oil","Combustion turbine",,,,,"CSNOX, CSOSG2E, CSSO2G1"
"KY","East Bend",6018,"2",,2014,5814,5798.25,3205759.57,,2102.711,0.132,3384263.175,0.1027,4166.191,0.242,32985030.9,"Coal",,"Dry bottom wall-fired boiler","Wet Lime FGD","Selective Catalytic Reduction|Overfire Air","Electrostatic Precipitator|Wet Scrubber",,"ARP, CSNOX, CSOSG2E, CSSO2G1, MATS"
"KZ","H L Spurlock",6041,"1",,2014,7560,7552.7,1970852.98,,909.113,0.0987,1769907.538,0.103,753.727,0.0872,17250521.4,"Coal",,"Dry bottom wall-fired boiler","Wet Limestone","Selective Catalytic Reduction|Low NOx Burner Technology (Dry Bottom only)","Electrostatic Precipitator|Wet ESP|Wet Scrubber",,"ARP, CSNOX, CSOSG2E, CSSO2G1, MATS"
"KY","H L Spurlock",6041,"2",,2014,7505,7490.72,3635970.57,,1741.688,0.0948,-3603705.49,0.103,1587.692,0.0908,35123859.076,"Coal",,"Tangentially-fired","Wet Limestone","Selective Catalytic Reduction|Low NOx Burner Technology w/ Closed-coupled OFA","Wet ESP|Wet Scrubber|Electrostatic Precipitator",,"ARP, CSNOX, CSOSG2E, CSSO2G1, MATS"
"KY","Trimble County",6071,"1",,2014,8364,8342.05,3911841.08,,1893.352,0.1294,3557581.081,0.103,2401.572,0.1376,34674278.391,"Coal","Diesel Oil","Tangentially-fired","Wet Limestone","Low NOx Burner Technology w/ Closed-coupled OFA|Selective Catalytic Reduction","Baghouse|Electrostatic Precipitator|Wet Scrubber","Additives to Enhance PAC and Existing Equipment Performance|Untreated PAC Sorbent Injection","ARP, CSNOX, CSOSG2E, CSSO2G1, MATS"
"KY","Trimble County",6071,"2","MS-2A, MS-2B",2014,5619,5589.71,4081808.4,,1159.499,0.0653,3712858.431,0.1049,789.265,0.1283,35401007.512,"Coal",,"Dry bottom wall-fired boiler","Wet Limestone","Selective Catalytic Reduction","Baghouse|Electrostatic Precipitator|Wet ESP|Wet Scrubber","Additives to Enhance PAC and Existing Equipment Performance|Untreated PAC Sorbent Injection","ARP, CSNOX, CSOSG2E, CSSO2G1, MATS"
"KY","Trimble County",6071,"1",,2023,7962,7956.19,3591531.33,,1555.354,0.0958,3275101.484,0.103,1046.031,0.0659,31921022.377,"Coal","Diesel Oil","Tangentially-fired","Wet Limestone","Low NOx Burner Technology w/ Closed-coupled OFA|Selective Catalytic Reduction","Baghouse|Electrostatic Precipitator|Wet Scrubber","Additives to Enhance PAC and Existing Equipment Performance|Untreated PAC Sorbent Injection","ARP, CSNOX, CSOSG2E, CSSO2G1, MATS"
"KY","Trimble County",6071,"2","MS-2A, MS-2B",2023,7159,7146.88,4614178.25,,1275.692,0.064,4098943.863,0.105,764.838,0.041,39091737.551,"Coal",,"Dry bottom wall-fired boiler","Wet Limestone","Selective Catalytic Reduction","Baghouse|Electrostatic Precipitator|Wet ESP|Wet Scrubber","Additives to Enhance PAC and Existing Equipment Performance|Untreated PAC Sorbent Injection","ARP, CSNOX, CSOSG2E, CSSO2G1, MATS"
"KY","D B Wilson",6823,"W1",,2014,7455,7449.25,3194519.5,,6900.719,0.602,3392404.7,0.1028,1034.301,0.0632,33064392.325,"Coal",,"Dry bottom wall-fired boiler","Wet Limestone","Selective Catalytic Reduction|Low NOx Burner Technology (Dry Bottom only)","Electrostatic Precipitator",,"ARP, CSNOX, CSOSG2E, CSSO2G1, MATS"
"KY","Ghent",1356,"1",,2014,8108,8100.48,3512596.54,,1734.665,0.0976,3515635.716,0.103,1263.843,0.0789,34265461.032,"Coal",,"Tangentially-fired","Wet Limestone","Low NOx Burner Technology w/ Separated OFA|Selective Catalytic Reduction","Baghouse","Additives to Enhance PAC and Existing Equipment Performance|Untreated PAC Sorbent Injection","ARP, CSNOX, CSOSG2E, CSSO2G1, MATS"
